{
  "scene": "室内_工装",
  "num_gaussians": 300,
  "final_loss": 0.009950789622962475,
  "training_time": 58.134637117385864
}