{
  "scene": "建筑_别墅建筑花园",
  "num_gaussians": 300,
  "final_loss": 0.008437448181211948,
  "training_time": 55.497960329055786
}